{"mean":{"confidence_interval":{"confidence_level":0.95,"lower_bound":19262868.674166672,"upper_bound":19830308.143333323},"point_estimate":19489194.563333333,"standard_error":149854.3101024478},"median":{"confidence_interval":{"confidence_level":0.95,"lower_bound":19080458.333333332,"upper_bound":19371250.0},"point_estimate":19238500.166666664,"standard_error":84630.3311739645},"median_abs_dev":{"confidence_interval":{"confidence_level":0.95,"lower_bound":399066.24581515515,"upper_bound":715159.0312033882},"point_estimate":543537.9531502677,"standard_error":83474.73415936404},"slope":null,"std_dev":{"confidence_interval":{"confidence_level":0.95,"lower_bound":504809.0079562276,"upper_bound":2445230.021469597},"point_estimate":1501839.4737905478,"standard_error":638898.1835719754}}